full/67394a34a509b1bfa2ea11102d4aae28794522c8.pdf, CEN 01/2018, Date: 16/02/2019
full/f95b54b333b15dcdbc8df0a0d66b8fc27a84a386.pdf, CEN 01/2018, Date: 04/02/2019
full/3fa716198fee337d82554eba0950e075e569159a.pdf, CEN 02/2018, Date: 11/01/2019
full/41715c02f778e7523100be84bf103b68ec5c5acd.pdf, CEN 01/2018, Date: 08/01/2019
full/f215866aac067a2eea3ed8d24c8c72e5d786cbdc.pdf, CEN.03/2018, Date: 31-12-2018
full/bab96c8ec44f29cc5d7617bbe492e267b3cea1e7.pdf, (CEN) 03/2018, Date: 30-12-2018
full/ba18edadd40e9568d0c68e0226189aaf76332f52.pdf, CEN 03/2018, 
full/a649933fcd095f7fa19c661f223f76eba6fc0259.pdf, CEN 01/2018, Date: 27/12/2018
full/ac86a2cb5c1e970392bcf5e54b026246a797a9e7.pdf, CEN 01/2018, Date: 20-12-2018
full/3dfb1ba810ba058593b0ec9be2aac1ef67c6b491.pdf, CEN 01/2018, Date: 12/12/2018
full/2c8291daf5521d8c6c21a2fafd5cff932f2e49e1.pdf, CEN 01/2018, Date: 04/12/2018
full/14f453704e0b96861f190288f4ed5c5098975d14.pdf, CEN 01/2018, Date: 12/11/2018
full/89f8e1a4fa0f3ddd04f18c1f37d835dc5f6c11b6.pdf, CEN 01/2018, Date: 30-10-2018
full/9fb8037ffef3eb41dea61f34e4422055aca9e91b.pdf, CEN 01/2018, Date: 21/10/2018
full/d5e1fdbfca749fe8fa0cb3d3a0bc5ae57953b60d.pdf, CEN 01/2018, Date: 18-10-2018
full/df850af53b2737f4e40e47daf5c5b5f5c6c5c5f2.pdf, CEN 01/2018, 
full/fca55583f9ed4afd28b3c68ab389d0a72e6da5fb.pdf, CEN-01/2018, 
full/c0c3694597c9bdbccfcf1999be46e588195409ec.pdf, CEN 02/2018, 
full/dea484fb2eea937b133b1d75fb828d6ba732a89e.pdf, CEN 02/2018, 
full/382cec1aa8306ad791d9f54aca4cb5427ad02598.pdf, CEN 02/2018, Date: 29/08/2018
full/914c0d173d5967b511505f40ebfd4a5d9f1a8e7a.pdf, CEN 02/2018, 
full/76ac3f9f04f650afcfb0a5086ee765aee16192dc.pdf, CEN 01/2018, 
full/7a670c4d0fa09009d516400f91d5b2aac0b6a94f.pdf, CEN 01/2018, Date: 03/08/2018
full/1009f7d9f5439a9a066c7594dd647ca3144472e3.pdf, CEN 01/2018, 
full/3c25c8b18960712309f1b66687dd8f58fe945c78.pdf, CEN-01/2018, Date: 01/08/2018
full/e84405119e977efc6e3ef41dd96cc1f68a04f96a.pdf, CEN 01/2018, Date: 25/07/2018
full/0ffecfb79e15e05abc88c9bab47483b975fbdb97.pdf, CEN 01/2018, 
full/5a1c90b8d4944cacc980579692753ef3410551f7.pdf, CEN 01/2018, Date:30/06/2018
full/b3d87528eb1f8e7568b270448458a58a8d0a6d60.pdf, CEN 02/2018, Date: 16/03/2018
full/00c6c4e1a0e161c6626dbd35aedd381c4dfe92bf.pdf, CEN 01/2018, Date: 16/03/2018
full/b27cc0b2adec64a8f82cefebfa359f21fd4fd559.pdf, CEN-03/2014, 
full/c51e848f8800e644dc01c1dad9ce2b2067060b40.pdf, CEN-03/2014, Date: 01.03.2018
full/162c5962705fcc8d6f81c97dd873f80b3b296aab.pdf, (CEN) 02/2018, Date: 28/02/2018
full/6935dbfc54a9d290c4fc3cbc5930882a145226ce.pdf, (CEN) 01/2018, Date: 28/02/2018
full/48da624e997cb1bd3cbca04261b61d765c5fc1be.pdf, , 
full/7ab376bcbe8184cc87fa54e719f6432b3918878b.pdf, , 
full/b8f2768610e40f2808fefb887f324cd52d7800e2.pdf, CEN 02/2018, 
full/802f6ae6f83fcfec3f629e9c08100cb26e87e596.pdf, CEN 01/2018, 
full/76bbcbda3e01b94e911ce0c0d24b53617fadc4f0.pdf, CEN-03/2014, Date: 07.02.2018
full/9469bdce63e53c6a8d943bcd699a9c7a6d1e1c86.pdf, , 
full/bbb797db4ca6204899a5dd1454edcbadadf036b7.pdf, (CEN) No.01/2018, 
full/11d9d1d2067ed80b3d156b79e387d7888689c31f.pdf, CEN 01/2018, 
full/dbaaa45a07bf0b20e7658170d7d1621ebbe17039.pdf, CEN-03/2014, Date: 22.01.2018
full/c239f0e8ea4de69294e3c5114c9b5ef86d615dd2.pdf, CEN-03/2015, Date: 29.10.2017
full/2379172b04933419453a1f318ab672ba3ae494f1.pdf, 
full/daf25657aea05c6c705ff279ba8c43ffa41a5295.pdf, CEN-03/2014, Date: 11.09.2017
full/c969ecd2c1d15850415a7a9e32b26837cfac33df.pdf, CEN No. 03/2015, 
full/a1a7d6e4b0d5205cc17cd4a03de344a16d4e38ff.pdf, CEN 03/2015, 
full/646e65e302bd836b5c797ca29db9bb64195eb1b0.pdf, 
full/071b4d7631d17b76e4f9833f1a03025259c1228f.pdf, CEN No.03/2015, Date: 08.08.2017
full/0869524506de4af0955b093a56c620f346bb0f75.pdf, CEN-03/2015, Date: 21.07.2017
full/d149faf498d1fc84845dea9b7de2ae1782361dc5.pdf, 
full/3f4b5db3dbd6be3360d2daa1f4219525d4e7137a.pdf, CEN-03/2014, 
full/4e12935e5076203db267655b40d0d6705c2d1eaa.pdf, CEN-04/2014, Date: 17.07.2017
full/b2b88810c01fe680ee658db743173d5a97ab19f0.pdf, CEN-03/2015, Date: 06.07.2017
full/6b47fac4ba55191c36fa4330d1698ca142946852.pdf, CEN-06/2010, Date: 05.07.2017
full/74526db3b540b2235d7455118b6988e7bd29711b.pdf, CEN 03/2015, 
full/23816f3f7e3549c071f6431d8b8774266b9119a7.pdf, CEN 03/2015, Date: 20.05.2017
full/a25114608410bafb97821752b4e5e1058aed0c2b.pdf, , 
full/bea1519cd5b29703c9767c38175e99bb9145e5c2.pdf, , 
full/cd4c5ebbfd112fd722c5e32cfce9088320412fa2.pdf, CEN-03/2015, 
full/f900789e1b21f2e41ecefd66b4dbe4135199f74a.pdf, CEN 03/2015, 
full/975b60899b45b00596b5bb9a260ff17070e67c25.pdf, CEN No. 03/2015, 
full/c239f0e8ea4de69294e3c5114c9b5ef86d615dd2.pdf, CEN-03/2015, Date: 29.10.2017
full/0c1c0212b150c60a1a8ffaeaaf284116684315ce.pdf, CEN-03/2015, 
full/d390de9967ad278360149604ec802040377b409d.pdf, CEN 03/2015, Date: 04.05.2017
